{"auc": 0.9979058504104614, "val_auc": 0.9977361679077148, "loss": 0.06755217909812927, "val_loss": 0.06804720610380173}