{
    "step": 24,
    "loss": 0.08339007943868637,
    "auc": 0.9966920018196106,
    "val_loss": 0.07736856490373611,
    "val_auc": 0.9972488284111023
}