{"auc": 0.9981438398361206, "val_auc": 0.9976590871810913, "loss": 0.06481405198574067, "val_loss": 0.0688330352306366}