{
    "step": 9,
    "loss": 0.19926179945468903,
    "auc": 0.9756758213043213,
    "val_loss": 0.1835537552833557,
    "val_auc": 0.9798014760017395
}