{
    "step": 74,
    "loss": 0.06468769907951355,
    "auc": 0.9981547594070435,
    "val_loss": 0.06909911334514618,
    "val_auc": 0.9976859092712402
}