{
    "step": 74,
    "loss": 0.07448455691337585,
    "auc": 0.9974750280380249,
    "val_loss": 0.06992055475711823,
    "val_auc": 0.9977760910987854
}