{"auc": 0.9976022362709045, "val_auc": 0.9977120161056519, "loss": 0.07221624702215194, "val_loss": 0.06964148432016373}