{
    "step": 24,
    "loss": 0.08185208588838577,
    "auc": 0.9966447353363037,
    "val_loss": 0.08401628583669662,
    "val_auc": 0.9964666962623596
}