{
    "step": 24,
    "loss": 0.10644525289535522,
    "auc": 0.994715690612793,
    "val_loss": 0.11655653268098831,
    "val_auc": 0.9939380884170532
}