{"auc": 0.998048973083496, "val_auc": 0.9976842999458313, "loss": 0.06529944539070129, "val_loss": 0.06784550547599792}