{"auc": 0.9975505590438842, "val_auc": 0.9977839589118958, "loss": 0.07286695986986161, "val_loss": 0.0693407654762268}