{
    "step": 99,
    "loss": 0.0675327405333519,
    "auc": 0.9979516267776489,
    "val_loss": 0.0687510222196579,
    "val_auc": 0.9977096319198608
}