{
    "step": 99,
    "loss": 0.06764600425958633,
    "auc": 0.9979437589645386,
    "val_loss": 0.0695248395204544,
    "val_auc": 0.9975981712341309
}