{"auc": 0.9978040933609009, "val_auc": 0.9977315187454223, "loss": 0.06919198930263519, "val_loss": 0.06860931664705276}