{
    "step": 9,
    "loss": 0.12382133305072784,
    "auc": 0.9925868511199951,
    "val_loss": 0.13592910766601562,
    "val_auc": 0.9912012815475464
}