{
    "step": 24,
    "loss": 0.08344186842441559,
    "auc": 0.9964469075202942,
    "val_loss": 0.0803055614233017,
    "val_auc": 0.9967948198318481
}