{
    "step": 39,
    "loss": 0.07872709631919861,
    "auc": 0.9970577359199524,
    "val_loss": 0.07491324096918106,
    "val_auc": 0.9973886609077454
}