{
    "step": 49,
    "loss": 0.06681028753519058,
    "auc": 0.9979999661445618,
    "val_loss": 0.07013294845819473,
    "val_auc": 0.9975807666778564
}