{
    "step": 24,
    "loss": 0.09415251761674881,
    "auc": 0.9957079887390137,
    "val_loss": 0.10880865901708603,
    "val_auc": 0.9941450953483582
}