{
    "step": 99,
    "loss": 0.0723138228058815,
    "auc": 0.9976166486740112,
    "val_loss": 0.069159597158432,
    "val_auc": 0.9978498816490173
}