{
    "step": 99,
    "loss": 0.07282450050115585,
    "auc": 0.9976134300231934,
    "val_loss": 0.06928861141204834,
    "val_auc": 0.9977615475654602
}